epoch,update,step,loss,mean_cost,distance,vehicles,entropy,grad_norm,effective_step,best_mean_cost,lr,grad_ema,alpha_gate,moe_aux,router_entropy,expert_min,expert_mean,expert_max,usage_var,usage_maxmin_ratio,overflow,overflow_ratio,node_feat_mean,node_feat_std,node_feat_min,node_feat_max,dyn_feat_mean,dyn_feat_std,dyn_feat_min,dyn_feat_max,cand_feat_mean,cand_feat_std,cand_feat_min,cand_feat_max
1,200,200,124.3454825540632,6466.406596679688,2317.8198889160158,11.8869873046875,1.162086768746376,46.80705545425415,0.014040653793868672,6466.406596679688,0.0002999687473951656,,0.0,,,,,,,,,,0.35090079173445704,0.3133469820022583,0.0,1.0,0.4740738746523857,0.3550353807210922,0.0,1.0,0.21880630917847158,0.25542264074087145,0.0,1.0
2,400,400,12.43171347208321,5323.315441894531,1799.6000128173828,10.1640185546875,0.729224206507206,52.27664155960083,0.015676458059627744,5323.315441894531,0.00029987500328908744,,0.0,,,,,,,,,,0.350307227820158,0.312604156434536,0.0,1.0,0.47407387316226957,0.35503539025783537,0.0,1.0,0.21881284639239312,0.2552371424436569,0.0,1.0
3,600,600,6.371238933205604,5132.341071777344,1727.5299908447266,9.88458984375,0.6221798327565193,57.901236839294434,0.0173540897335796,5132.341071777344,0.0002997188088010292,,0.0,,,,,,,,,,0.35074907541275024,0.31291421234607697,0.0,1.0,0.4740738746523857,0.3550353853404522,0.0,1.0,0.2189523785561323,0.2552606040984392,0.0,1.0
4,800,800,4.649265533983708,5011.760046386718,1686.0751062011718,9.7176171875,0.5677246361970901,63.774858493804935,0.0191005849429175,5011.760046386718,0.00029950023244305473,,0.0,,,,,,,,,,0.35109623536467555,0.3134416453540325,0.0,1.0,0.47407387420535085,0.355035410374403,0.0,1.0,0.21884720005095004,0.2555086097866297,0.0,1.0
5,1000,1000,-6.403913508355617,4931.785891113282,1673.3495819091797,9.58341796875,0.5064057670533657,76.13267084121703,0.022780369812376692,4931.785891113282,0.00029921937008997926,,0.0,,,,,,,,,,0.35041978701949117,0.3127794094383717,0.0,1.0,0.47407387420535085,0.35503538727760314,0.0,1.0,0.21887556537985803,0.2552321686595678,0.0,1.0
6,1200,1200,-10.38472798421979,4861.713372802735,1644.4295428466796,9.524462890625,0.46905856907367705,75.98587877273559,0.022710381714444988,4861.713372802735,0.0002988763449373132,,0.0,,,,,,,,,,0.35062864735722543,0.31291368961334226,0.0,1.0,0.4740738746523857,0.3550353166460991,0.0,1.0,0.21878554247319698,0.255351257994771,0.0,1.0
7,1400,1400,-14.3179084193334,4785.444689941406,1638.3109985351562,9.37875,0.43584206089377403,88.37545658111573,0.02637753807201117,4785.444689941406,0.00029847130744722607,,0.0,,,,,,,,,,0.34992422685027125,0.3115999895334244,0.0,1.0,0.4740738746523857,0.35503532737493515,0.0,1.0,0.2188259457051754,0.2543644563853741,0.0,1.0
8,1600,1600,-1.6183178676851093,4715.085565185547,1616.9577294921876,9.294208984375,0.42285385414958,86.89290176391602,0.0258944701202176,4715.085565185547,0.0002980044352825467,,0.0,,,,,,,,,,0.3509023030102253,0.3130392505228519,0.0,1.0,0.4740738745033741,0.35503540083765983,0.0,1.0,0.21886759638786316,0.2552127569913864,0.0,1.0
9,1800,1800,-12.31841072820127,4703.616745605469,1621.8543090820312,9.307197265625,0.3925367924571037,97.154751663208,0.028901200418628783,4703.616745605469,0.0002974759332288378,,0.0,,,,,,,,,,0.3503603607416153,0.3124615654349327,0.0,1.0,0.47407387420535085,0.3550354105234146,0.0,1.0,0.21887164205312729,0.2549885435402393,0.0,1.0
10,2000,2000,-5.770118344724178,4627.963659667968,1600.5400177001952,9.204931640625,0.3887821942567825,99.53708171844482,0.02955116933819419,4627.963659667968,0.0002968860331045669,,0.0,,,,,,,,,,0.35015518859028816,0.3120713257789612,0.0,1.0,0.4740738745033741,0.3550354826450348,0.0,1.0,0.21868040710687636,0.2546349230408669,0.0,1.0
11,2200,2200,2.167002660930157,4625.433538818359,1600.1431781005858,9.2611083984375,0.3831660407781601,96.33810682296753,0.028538718463862793,4625.433538818359,0.00029623499365942496,,0.0,,,,,,,,,,0.3505213841795921,0.3126252266764641,0.0,1.0,0.47407387316226957,0.3550354036688805,0.0,1.0,0.21872338123619556,0.2550510156899691,0.0,1.0
12,2400,2400,-21.538905355781317,4573.283258056641,1595.6717199707032,9.1773486328125,0.3645157378911972,106.79367393493652,0.03155999763085531,4573.283258056641,0.00029552310046082944,,0.0,,,,,,,,,,0.3511039179563522,0.3130742709338665,0.0,1.0,0.47407387524843214,0.35503553807735444,0.0,1.0,0.2189207363128662,0.25527817748487,0.0,1.0
13,2600,2600,-25.032937560379505,4516.728908691406,1588.7374884033204,9.086904296875,0.3504250122606754,111.46223514556885,0.03285356801721999,4516.728908691406,0.0002947506657686657,,0.0,,,,,,,,,,0.3503021076321602,0.3118065419793129,0.0,1.0,0.47407387346029284,0.35503547251224515,0.0,1.0,0.21882699392735958,0.25439430207014085,0.0,1.0
14,2800,2800,-17.59162795692682,4494.913850097656,1587.2568969726562,9.0861669921875,0.3445123052597046,112.16219860076905,0.032966492273558745,4494.913850097656,0.0002939180283983191,,0.0,,,,,,,,,,0.3507254067063332,0.31273218169808387,0.0,1.0,0.47407387554645536,0.35503545418381693,0.0,1.0,0.21896105505526064,0.2550832292437553,0.0,1.0
15,3000,3000,-9.528171368539333,4464.4925146484375,1575.6632916259766,9.0906201171875,0.33710793644189835,116.20615917205811,0.03405137411987514,4464.4925146484375,0.0002930255535720591,,0.0,,,,,,,,,,0.35037432715296746,0.31221015751361847,0.0,1.0,0.47407387480139734,0.3550355149805546,0.0,1.0,0.21883271008729935,0.254792892113328,0.0,1.0
16,3200,3200,-14.345065630193858,4415.5301440429685,1570.4571600341797,9.015888671875,0.3276743437349796,122.43272529602051,0.035759370845773956,4415.5301440429685,0.000292073632758841,,0.0,,,,,,,,,,0.35053370594978334,0.31215919211506843,0.0,1.0,0.4740738745033741,0.3550353363156319,0.0,1.0,0.21875171437859536,0.2544699039310217,0.0,1.0
17,3400,3400,-19.694375581545756,4407.344008789062,1568.735259399414,9.0592578125,0.32805511251091957,123.51911918640137,0.03595180629427076,4407.344008789062,0.0002910626835025943,,0.0,,,,,,,,,,0.3511028228700161,0.31332405894994736,0.0,1.0,0.47407387375831606,0.35503548741340635,0.0,1.0,0.21897812880575657,0.2553883857280016,0.0,1.0
18,3600,3600,-26.455259939581154,4388.739134521485,1570.0491064453124,9.059990234375,0.320096490085125,123.09003658294678,0.03569526734864172,4388.739134521485,0.0002899931492390753,,0.0,,,,,,,,,,0.34999310299754144,0.3117679227888584,0.0,1.0,0.4740738719701767,0.3550354039669037,0.0,1.0,0.2188154474645853,0.2545975980907679,0.0,1.0
19,3800,3800,3.766471622809768,4343.101949462891,1560.2671490478515,9.009140625,0.3119965122640133,122.90077487945557,0.03550179367549795,4343.101949462891,0.00028886549910136106,,0.0,,,,,,,,,,0.3505726081132889,0.31270385533571243,0.0,1.0,0.4740738743543625,0.3550354625284672,0.0,1.0,0.2189813819527626,0.2550568622350693,0.0,1.0
20,4000,4000,-19.363899232521653,4325.14285522461,1555.7367510986328,9.0305029296875,0.31057688370347025,135.00407405853272,0.03883800276748596,4325.14285522461,0.0002876802277140707,,0.0,,,,,,,,,,0.3509078915417194,0.31310451596975325,0.0,1.0,0.4740738736093044,0.35503552466630933,0.0,1.0,0.21897695459425448,0.255428351983428,0.0,1.0
21,4200,4200,3.009319170564413,4299.1158520507815,1560.3202252197266,8.9957861328125,0.30829702168703077,134.21451877593995,0.03844411886487113,4299.1158520507815,0.0002864378549764084,,0.0,,,,,,,,,,0.3495575661957264,0.31124081909656526,0.0,1.0,0.4740738746523857,0.3550355811417103,0.0,1.0,0.21867987044155598,0.2541341416537762,0.0,1.0
22,4400,4400,8.994851092398166,4261.789079589844,1556.7048583984374,8.95046875,0.29965688049793243,141.13917251586915,0.04024427204429108,4261.789079589844,0.00028513892583411716,,0.0,,,,,,,,,,0.3512065614759922,0.3134508664906025,0.0,1.0,0.47407387584447863,0.35503542110323905,0.0,1.0,0.21894159235060215,0.2555176715552807,0.0,1.0
23,4600,4600,-11.425655126720667,4243.748549804687,1554.1392529296875,8.9651708984375,0.3068713104724884,146.68351249694825,0.04162643538320233,4243.748549804687,0.00028378401004044924,,0.0,,,,,,,,,,0.3504251350462437,0.3126345130801201,0.0,1.0,0.47407387420535085,0.35503545105457307,0.0,1.0,0.21881622083485128,0.25504389494657514,0.0,1.0
24,4800,4800,-11.44576496116817,4217.067861328125,1546.372607421875,8.968486328125,0.2914753187447786,154.84847667694092,0.0437251375938117,4217.067861328125,0.0002823737019062518,,0.0,,,,,,,,,,0.3507676112651825,0.31312375634908673,0.0,1.0,0.4740738740563393,0.35503546133637426,0.0,1.0,0.21891157545149326,0.2553330393135548,0.0,1.0
25,5000,5000,-0.9389498209953309,4188.335032958985,1544.0012225341798,8.9470361328125,0.2900347926467657,155.32497840881348,0.04363212534245136,4188.335032958985,0.0002809086200392839,,0.0,,,,,,,,,,0.3508705985546112,0.3128537930548191,0.0,1.0,0.47407387420535085,0.3550354588031769,0.0,1.0,0.21892395950853824,0.2551459415256977,0.0,1.0
26,5200,5200,-13.15810946650803,4166.27765625,1540.750767211914,8.9503076171875,0.292169363796711,153.85409004211425,0.04298520299260281,4166.27765625,0.0002793894070728736,,0.0,,,,,,,,,,0.351003045886755,0.31346453696489335,0.0,1.0,0.4740738745033741,0.3550353579223156,0.0,1.0,0.21895578674972058,0.2557229559123516,0.0,1.0
27,5400,5400,5.140252034813166,4135.6745703125,1534.6112579345704,8.9346484375,0.28580312728881835,159.63720272064208,0.04434988554786547,4135.6745703125,0.0002778167293840382,,0.0,,,,,,,,,,0.35059024676680567,0.31247078731656075,0.0,1.0,0.47407387584447863,0.3550355088710785,0.0,1.0,0.21883388109505175,0.2548459859937429,0.0,1.0
28,5600,5600,3.670328492000699,4114.662005615234,1535.7320733642578,8.926826171875,0.283782252818346,161.27563137054443,0.0445429225451488,4114.662005615234,0.0002761912768011905,,0.0,,,,,,,,,,0.35104504093527794,0.31306962355971335,0.0,1.0,0.47407387420535085,0.35503550976514814,0.0,1.0,0.21893033109605312,0.255386418774724,0.0,1.0
29,5800,5800,-7.097020016536117,4085.037021484375,1528.765570678711,8.9171044921875,0.28845688119530677,165.69266910552977,0.04548491798194547,4085.037021484375,0.0002745137623015542,,0.0,,,,,,,,,,0.3512213286757469,0.3136105945706367,0.0,1.0,0.47407387390732764,0.3550354750454426,0.0,1.0,0.2189239736646414,0.2556063828617334,0.0,1.0
30,6000,6000,-8.152676495611667,4068.9725915527342,1529.3189605712892,8.9283447265625,0.28299513943493365,165.72823707580565,0.04520816417394276,4068.9725915527342,0.00027278492169843164,,0.0,,,,,,,,,,0.350631819665432,0.31271060451865196,0.0,1.0,0.4740738749504089,0.3550354412198067,0.0,1.0,0.21887413173913955,0.25508008413016797,0.0,1.0
31,6200,6200,0.5209295419603586,4029.6759484863283,1519.1044384765626,8.89560546875,0.27845441311597824,174.19848808288575,0.04720875068220025,4029.6759484863283,0.00027100551331844943,,0.0,,,,,,,,,,0.35065956801176074,0.312335058003664,0.0,1.0,0.47407387509942056,0.35503538087010383,0.0,1.0,0.21882658816874026,0.25487318605184556,0.0,1.0
32,6400,6400,-3.0233181770145894,4010.3263525390626,1522.2102508544922,8.8857275390625,0.27912815503776073,172.36721435546875,0.0463971720470568,4010.3263525390626,0.00026917631766893346,,0.011666666666666645,,,,,,,,,,0.35109673753380777,0.3135164475440979,0.0,1.0,0.47407387256622313,0.35503541871905325,0.0,1.0,0.21889342173933982,0.25555914714932443,0.0,1.0
33,6600,6600,-2.90276052698493,3988.7678869628908,1515.9817547607422,8.90197265625,0.27935485385358333,170.64124557495117,0.045612087053848886,3988.7678869628908,0.000267298137095551,,0.023333333333333338,,,,,,,,,,0.35096785098314287,0.3130820992588997,0.0,1.0,0.47407387420535085,0.35503544345498084,0.0,1.0,0.21883144810795785,0.2554011554270983,0.0,1.0
34,6800,6800,-25.132377449125052,3981.780686035156,1525.9795263671874,8.91189453125,0.2664300597459078,172.8857220840454,0.04587899447372021,3981.780686035156,0.00026537179543037644,,0.03499999999999998,,,,,,,,,,0.35029917672276495,0.31248866513371465,0.0,1.0,0.4740738745033741,0.35503555223345756,0.0,1.0,0.21882336400449276,0.2550255677849054,0.0,1.0
35,7000,7000,-5.7561708027124405,3938.0426110839844,1518.5332781982422,8.8517236328125,0.27098280280828474,182.5324993133545,0.048078720376183624,3938.0426110839844,0.0002633981376305303,,0.04666666666666663,,,,,,,,,,0.3506696052849293,0.3120752243697643,0.0,1.0,0.47407387524843214,0.3550353693962097,0.0,1.0,0.21886457540094853,0.2545578488707542,0.0,1.0
36,7200,7200,2.170505409575999,3932.1341381835937,1518.4111938476562,8.903046875,0.26931507371366026,180.51805004119873,0.047183452192262554,3932.1341381835937,0.00026137802940755293,,0.05833333333333331,,,,,,,,,,0.3506841680407524,0.3127976940572262,0.0,1.0,0.47407387390732764,0.3550354844331741,0.0,1.0,0.21895459786057472,0.25521341666579245,0.0,1.0
37,7400,7400,-1.1761574986577035,3895.0539794921874,1510.2086743164064,8.8690966796875,0.2728991987556219,186.6648696899414,0.04840450729996302,3895.0539794921874,0.00025931235684767596,,0.06999999999999997,,,,,,,,,,0.3509272840619087,0.31298521846532823,0.0,1.0,0.47407387584447863,0.35503545954823496,0.0,1.0,0.21893540352582933,0.2552644397318363,0.0,1.0
38,7600,7600,-5.487309908121825,3878.470831298828,1512.152319946289,8.8733544921875,0.27094726972281935,196.08486839294434,0.05043342542314975,3878.470831298828,0.00025720202602315883,,0.08166666666666667,,,,,,,,,,0.35081677287817004,0.3129782271385193,0.0,1.0,0.4740738745033741,0.35503550797700884,0.0,1.0,0.21888010613620282,0.25527518972754476,0.0,1.0
39,7800,7800,-5.044866892248392,3864.735772705078,1514.0768365478516,8.8885986328125,0.27256932586431504,190.19413692474365,0.048508627120140896,3864.735772705078,0.00025504796259484525,,0.09333333333333335,,,,,,,,,,0.3507745784521103,0.31296849057078363,0.0,1.0,0.4740738746523857,0.3550354041159153,0.0,1.0,0.21895516373217105,0.2552830967307091,0.0,1.0
40,8000,8000,1.2511542810499667,3820.8440905761718,1504.1758227539062,8.8344384765625,0.26767649337649346,198.1165338897705,0.05009398578196206,3820.8440905761718,0.000252851111406147,,0.105,,,,,,,,,,0.35109119608998296,0.3131446608901024,0.0,1.0,0.47407387718558314,0.3550353905558586,0.0,1.0,0.21892542637884616,0.2552781753242016,0.0,1.0
41,8200,8200,-7.237049309229478,3807.8415795898436,1507.1588244628906,8.848818359375,0.26887045226991174,200.49030014038087,0.05024536252630612,3807.8415795898436,0.00025061243606860244,,0.11666666666666663,,,,,,,,,,0.35088873222470285,0.3131032042205334,0.0,1.0,0.47407387554645536,0.3550355680286884,0.0,1.0,0.21890928268432616,0.25537813097238543,0.0,1.0
42,8400,8400,-5.630437662750483,3782.9498095703125,1502.0497778320312,8.8481005859375,0.2663386398553848,194.5552621459961,0.04831447606587503,3782.9498095703125,0.0002483329185392035,,0.1283333333333333,,,,,,,,,,0.3505955241620541,0.3120754672586918,0.0,1.0,0.47407387509942056,0.35503544911742213,0.0,1.0,0.21888469994068147,0.25461158439517023,0.0,1.0
43,8600,8600,-10.329710487350821,3767.6375366210937,1506.157647705078,8.8490283203125,0.2599476411193609,204.71346084594725,0.05036228701439133,3767.6375366210937,0.00024601355868967694,,0.14000000000000004,,,,,,,,,,0.350105489641428,0.3120889227092266,0.0,1.0,0.47407387390732764,0.35503540441393855,0.0,1.0,0.21875663638114928,0.2547691098600626,0.0,1.0
44,8800,8800,-7.368897040635347,3748.492069091797,1498.5440704345704,8.8812646484375,0.25719627991318705,209.15109428405762,0.05096078807266432,3748.492069091797,0.00024365537386790886,,0.15166666666666667,,,,,,,,,,0.3505998729169369,0.3127034838497639,0.0,1.0,0.47407387584447863,0.3550354526937008,0.0,1.0,0.21879838980734348,0.25507791675627234,0.0,1.0
45,9000,9000,-16.428770917057992,3712.904611816406,1499.0511370849608,8.8161962890625,0.25352922424674035,209.38761360168456,0.05051672970077948,3712.904611816406,0.0002412593984517003,,0.16333333333333333,,,,,,,,,,0.3507310639321804,0.31260919898748396,0.0,1.0,0.4740738746523857,0.3550355088710785,0.0,1.0,0.21893369510769844,0.2550605868548155,0.0,1.0
46,9200,9200,-6.187373086772859,3709.0641955566407,1499.7526721191407,8.83724609375,0.24940685018897057,214.53902557373047,0.05123764393658136,3709.0641955566407,0.000238826683395057,,0.17499999999999996,,,,,,,,,,0.351239200681448,0.31357956275343896,0.0,1.0,0.4740738749504089,0.35503546670079233,0.0,1.0,0.21900156676769256,0.2557110248506069,0.0,1.0
47,9400,9400,-2.533613406345248,3699.613741455078,1496.9013360595702,8.810849609375,0.25573118068277834,221.54891075134276,0.05236492297426784,3699.613741455078,0.0002363582957672044,,0.18666666666666662,,,,,,,,,,0.3510782167315483,0.3132481923699379,0.0,1.0,0.47407387584447863,0.3550353555381298,0.0,1.0,0.2189289362728596,0.25542908541858195,0.0,1.0
48,9600,9600,-14.203523626327515,3720.2633630371092,1502.0846520996095,8.87271484375,0.2548901580274105,212.55998527526856,0.0497082830111045,3699.613741455078,0.00023385531828453733,,0.19833333333333336,,,,,,,,,,0.3504365289211273,0.3125391428172588,0.0,1.0,0.4740738749504089,0.3550354714691639,0.0,1.0,0.21892834052443505,0.2550712048262358,0.0,1.0
49,9800,9800,-4.011925498656929,3714.0976489257814,1493.0392962646483,8.8842333984375,0.25109126552939415,221.5143059539795,0.05124043425391444,3699.613741455078,0.00023131884883570387,,0.21,,,,,,,,,,0.3506158564984798,0.31286040842533114,0.0,1.0,0.4740738759934902,0.3550354523956776,0.0,1.0,0.21885926015675067,0.25525259479880336,0.0,1.0
50,10000,10000,-10.966221265047789,3702.044482421875,1492.3911499023438,8.83861328125,0.25218745522201064,219.94048095703124,0.05031138501892864,3699.613741455078,0.00022875000000003519,,0.22166666666666665,,,,,,,,,,0.35068463265895844,0.31298676908016204,0.0,1.0,0.47407387480139734,0.35503547012805936,0.0,1.0,0.21885244630277156,0.25530113331973553,0.0,1.0
51,10200,10200,-15.42560766711831,3683.018494873047,1486.7868139648438,8.7849267578125,0.25217648409307003,223.09402389526366,0.05045269087315162,3683.018494873047,0.00022614989855953172,,0.23333333333333325,,,,,,,,,,0.3514304308593273,0.3135839973390102,0.0,1.0,0.4740738740563393,0.3550354231894016,0.0,1.0,0.21902443528175353,0.25557276763021947,0.0,1.0
52,10400,10400,-15.04315706640482,3705.632058105469,1497.568080444336,8.832255859375,0.2483698206394911,219.39295349121093,0.04903864385658867,3683.018494873047,0.0002235196850046198,,0.24500000000000005,,,,,,,,,,0.3503518307209015,0.3121586248278618,0.0,1.0,0.47407387316226957,0.35503547728061674,0.0,1.0,0.21885972633957862,0.2546915927529335,0.0,1.0
53,10600,10600,-1.0396229368448258,3683.877687988281,1483.5127001953124,8.8014599609375,0.2507773953676224,225.1857740020752,0.04973464557403283,3683.018494873047,0.00022086051303389398,,0.25666666666666665,,,,,,,,,,0.35087440147995946,0.31261460423469545,0.0,1.0,0.47407387509942056,0.35503542616963385,0.0,1.0,0.21886330403387547,0.2548829010874033,0.0,1.0
54,10800,10800,-18.57262188285589,3686.3315270996095,1490.6283905029297,8.7828125,0.24654152169823645,232.7161592102051,0.05077251037572536,3683.018494873047,0.00021817354904806661,,0.2683333333333333,,,,,,,,,,0.3510748791694641,0.313348001986742,0.0,1.0,0.4740738740563393,0.3550354340672493,0.0,1.0,0.2188816250115633,0.2554650451987982,0.0,1.0
55,11000,11000,-3.4770337444357575,3694.8972021484374,1488.3224841308593,8.826298828125,0.24782137766480447,228.8591586303711,0.0493099878276758,3683.018494873047,0.0002154599716383474,,0.27999999999999997,,,,,,,,,,0.3504774850606918,0.31211398407816887,0.0,1.0,0.4740738753974438,0.35503541857004167,0.0,1.0,0.21882230341434478,0.2546147061139345,0.0,1.0
56,11200,11200,-13.61048841536045,3687.464324951172,1489.5151000976562,8.791796875,0.24370915673673152,229.23861274719238,0.04876386031020154,3683.018494873047,0.00021272097106947256,,0.29166666666666663,,,,,,,,,,0.3502814482152462,0.31255954295396804,0.0,1.0,0.4740738749504089,0.3550355362892151,0.0,1.0,0.21878674931824207,0.2549756202846766,0.0,1.0
57,11400,11400,-13.902781959809364,3683.9889978027345,1488.4689770507812,8.782080078125,0.23915130347013475,239.63179931640624,0.050312553115209636,3683.018494873047,0.00020995774875761665,,0.30333333333333334,,,,,,,,,,0.35087580665946005,0.3129087610542774,0.0,1.0,0.4740738749504089,0.35503539100289344,0.0,1.0,0.2189454211294651,0.25521937049925325,0.0,1.0
58,11600,11600,-0.7971668121218681,3681.3769604492186,1485.9899981689452,8.7815478515625,0.24490150533616542,225.956050491333,0.04681165769764013,3681.3769604492186,0.00020717151674341062,,0.315,,,,,,,,,,0.35076600044965744,0.3131700846552849,0.0,1.0,0.4740738736093044,0.35503550469875333,0.0,1.0,0.21884730465710164,0.255400840267539,0.0,1.0
59,11800,11800,-11.044795889183879,3685.9421252441407,1484.8727801513671,8.80427734375,0.2401054071635008,237.16757873535155,0.04846839580339763,3681.3769604492186,0.00020436349716030164,,0.32666666666666666,,,,,,,,,,0.3502006521821022,0.3115024694800377,0.0,1.0,0.47407387554645536,0.35503540828824043,0.0,1.0,0.21880811125040053,0.2542473940551281,0.0,1.0
60,12000,12000,-6.163728449717164,3671.502860107422,1482.8004559326173,8.7548095703125,0.2444019427895546,233.90717071533203,0.04714046333482875,3671.502860107422,0.0002015349216984856,,0.33833333333333326,,,,,,,,,,0.3505718632042408,0.3123848482966423,0.0,1.0,0.4740738736093044,0.3550353467464447,0.0,1.0,0.21882708095014095,0.2548395538330078,0.0,1.0
61,12200,12200,-11.547179372236133,3683.3375854492188,1483.3876245117187,8.7997998046875,0.24493002988398074,248.30949516296386,0.04933587637909001,3671.502860107422,0.00019868703106464458,,0.35000000000000003,,,,,,,,,,0.3507167162001133,0.3127921010553837,0.0,1.0,0.47407387375831606,0.35503548741340635,0.0,1.0,0.21880472861230374,0.25510505340993406,0.0,1.0
62,12400,12400,-3.5155658909678458,3669.9500537109375,1479.9915716552734,8.759833984375,0.24583545431494713,260.174787902832,0.05094770650874225,3669.9500537109375,0.0001958210744377345,,0.3616666666666667,,,,,,,,,,0.35112309142947196,0.31302671894431117,0.0,1.0,0.47407387390732764,0.35503543451428415,0.0,1.0,0.21886817023158073,0.2551310851424933,0.0,1.0
63,12600,12600,-3.8457470803707836,3690.131937255859,1484.5130059814453,8.8224755859375,0.24332474842667579,246.33844161987304,0.04752812234838578,3669.9500537109375,0.00019293830892105272,,0.3733333333333333,,,,,,,,,,0.3505592331290245,0.3130012857913971,0.0,1.0,0.47407387524843214,0.35503554105758667,0.0,1.0,0.21883486360311508,0.25540335081517695,0.0,1.0
64,12800,12800,-12.440748455524444,3664.737619628906,1476.511298828125,8.7529052734375,0.2447636914998293,259.1584341430664,0.0492504685630137,3664.737619628906,0.00019003999899083106,,0.38499999999999995,,,,,,,,,,0.3512804797291756,0.31356951415538786,0.0,1.0,0.47407387480139734,0.35503547623753545,0.0,1.0,0.2188982993364334,0.2555231311917305,0.0,1.0
65,13000,13000,-10.34968029372394,3663.061365966797,1474.793524169922,8.7530712890625,0.24030084833502768,251.3910913848877,0.04704216532159141,3663.061365966797,0.00018712741594159506,,0.3966666666666667,,,,,,,,,,0.35137780636549,0.31386588588356973,0.0,1.0,0.4740738749504089,0.3550355665385723,0.0,1.0,0.21897412203252314,0.25568404912948606,0.0,1.0
66,13200,13200,-15.001238732803612,3677.1523754882815,1482.5686376953124,8.7783349609375,0.2354667868465185,252.5672908782959,0.046523359028871836,3663.061365966797,0.0001842018373285318,,0.4083333333333333,,,,,,,,,,0.35011598467826843,0.3120167228579521,0.0,1.0,0.47407387509942056,0.3550353768467903,0.0,1.0,0.2188288516551256,0.25469029664993287,0.0,1.0
67,13400,13400,-7.271723654102534,3669.561877441406,1477.9554376220703,8.76642578125,0.2360630001872778,260.9914241027832,0.04730849210613726,3663.061365966797,0.00018126454640711226,,0.42,,,,,,,,,,0.3506552292406559,0.31266146287322044,0.0,1.0,0.47407387375831606,0.35503544747829435,0.0,1.0,0.2189283610135317,0.25499253779649733,0.0,1.0
68,13600,13600,-10.24840929646045,3674.7286462402344,1477.8524145507813,8.7875048828125,0.24206466026604176,265.7561602783203,0.0473887964710957,3663.061365966797,0.00017831683157021273,,0.43166666666666664,,,,,,,,,,0.35123977199196815,0.3137426905333996,0.0,1.0,0.47407387390732764,0.35503540843725206,0.0,1.0,0.2188955020904541,0.25579579047858714,0.0,1.0
69,13800,13800,-6.615623564198613,3671.936402587891,1484.0506549072265,8.75154296875,0.2343662576377392,266.22642219543457,0.046685461611246024,3663.061365966797,0.0001753599857829837,,0.4433333333333333,,,,,,,,,,0.35069252222776415,0.31266649410128594,0.0,1.0,0.4740738753974438,0.3550354543328285,0.0,1.0,0.21891775101423264,0.25506152302026747,0.0,1.0
70,14000,14000,-10.446694635674357,3675.115057373047,1481.636057739258,8.773916015625,0.2347355765104294,264.0212759399414,0.045516028660325024,3663.061365966797,0.00017239530601571233,,0.45499999999999996,,,,,,,,,,0.35027109101414683,0.31216313064098355,0.0,1.0,0.4740738749504089,0.35503548055887224,0.0,1.0,0.21889381282031536,0.2547183298319578,0.0,1.0
71,14200,14200,-11.428981834948063,3657.9124084472655,1477.7439428710939,8.720673828125,0.23651134498417378,266.91279670715335,0.04522145840543701,3657.9124084472655,0.00016942409267492817,,0.4666666666666667,,,,,,,,,,0.35046213716268537,0.31227983653545377,0.0,1.0,0.4740738740563393,0.355035498291254,0.0,1.0,0.2187726181000471,0.2549114095419645,0.0,1.0
72,14400,14400,-4.279818907566368,3667.3091870117187,1478.9095233154296,8.7535986328125,0.2366752963513136,267.7677983856201,0.044569320528029234,3657.9124084472655,0.00016644764903300162,,0.47833333333333333,,,,,,,,,,0.35025766864418983,0.31199953600764274,0.0,1.0,0.4740738749504089,0.3550353369116783,0.0,1.0,0.21884785652160643,0.25455589443445203,0.0,1.0
73,14600,14600,-6.995317525342107,3660.868887939453,1478.5214916992188,8.7293896484375,0.2395205121487379,266.3032428741455,0.04353186694264051,3657.9124084472655,0.0001634672806564868,,0.48999999999999994,,,,,,,,,,0.35044890761375425,0.31238589659333227,0.0,1.0,0.47407387346029284,0.35503547295928,0.0,1.0,0.21878663547337054,0.25484185591340064,0.0,1.0
74,14800,14800,-9.624887292459608,3668.0480297851564,1478.2262536621095,8.759287109375,0.23393981873989106,269.2726171875,0.043214026087295035,3657.9124084472655,0.00016048429483345584,,0.5016666666666667,,,,,,,,,,0.3501160368323326,0.3118386933207512,0.0,1.0,0.47407387420535085,0.35503546714782713,0.0,1.0,0.21882241524755955,0.2545825181901455,0.0,1.0
75,15000,15000,-13.120067112985998,3668.469934082031,1478.217255859375,8.7610107421875,0.23261538498103618,269.5421441650391,0.04245288770601491,3657.9124084472655,0.00015750000000007886,,0.5133333333333333,,,,,,,,,,0.350603519231081,0.31285020247101786,0.0,1.0,0.47407387420535085,0.35503545492887495,0.0,1.0,0.2188870230317116,0.25525313094258306,0.0,1.0
76,15200,15200,-4.892136043123901,3652.180877685547,1474.9787298583985,8.70880859375,0.23413818925619126,276.2383625793457,0.04268316538804271,3652.180877685547,0.00015451570516670203,,0.5249999999999999,,,,,,,,,,0.35059840813279153,0.31229406610131266,0.0,1.0,0.47407387286424635,0.3550353655219078,0.0,1.0,0.21889229901134968,0.2547345067560673,0.0,1.0
77,15400,15400,-11.741235285364091,3658.9692736816405,1475.012967529297,8.7358251953125,0.2340651286393404,280.1502557373047,0.04245193007669845,3652.180877685547,0.0001515327193436703,,0.5366666666666667,,,,,,,,,,0.35028898596763614,0.31210619270801543,0.0,1.0,0.47407387509942056,0.3550354015827179,0.0,1.0,0.21879584394395352,0.2546603312343359,0.0,1.0
78,15600,15600,-12.796971081346273,3652.2532275390627,1474.6165155029296,8.710546875,0.23599724270403385,281.6719719696045,0.04184303363763932,3652.180877685547,0.00014855235096715495,,0.5483333333333333,,,,,,,,,,0.3507765802741051,0.31263850659132003,0.0,1.0,0.47407387420535085,0.3550354479253292,0.0,1.0,0.21888955175876618,0.25496949560940263,0.0,1.0
79,15800,15800,-15.371550185382366,3654.710031738281,1469.9383013916015,8.7390869140625,0.23564005337655544,264.49455726623535,0.03850403515661665,3652.180877685547,0.00014557590732522786,,0.5599999999999999,,,,,,,,,,0.35087822034955024,0.3127895560860634,0.0,1.0,0.4740738736093044,0.3550353434681892,0.0,1.0,0.2189032019674778,0.255127459987998,0.0,1.0
80,16000,16000,-14.100785366296769,3649.8323291015627,1473.0500994873046,8.70712890625,0.23541326023638248,271.29024940490723,0.03868726299735006,3649.8323291015627,0.00014260469398444316,,0.5716666666666665,,,,,,,,,,0.35062276616692545,0.3123598164319992,0.0,1.0,0.4740738740563393,0.3550354743003845,0.0,1.0,0.21882337898015977,0.2548499320447445,0.0,1.0
81,16200,16200,-14.788100968301297,3659.954112548828,1477.416248779297,8.7301513671875,0.23376646488904954,278.21358047485353,0.038849748332918724,3649.8323291015627,0.00013964001421717145,,0.5833333333333334,,,,,,,,,,0.35074230924248695,0.3128080180287361,0.0,1.0,0.47407387688755986,0.355035347789526,0.0,1.0,0.2189727597683668,0.25524542838335035,0.0,1.0
82,16400,16400,-11.868733772337437,3667.9574450683594,1476.7831231689454,8.764697265625,0.23041304267942905,280.11499519348143,0.03828700506778286,3649.8323291015627,0.00013668316842994145,,0.595,,,,,,,,,,0.3499999180436134,0.3120657208561897,0.0,1.0,0.4740738743543625,0.35503544196486475,0.0,1.0,0.2188195188343525,0.25480129912495614,0.0,1.0
83,16600,16600,-9.009756456762553,3667.8982348632812,1477.9665881347655,8.7597265625,0.23068527691066265,294.5765909576416,0.039395334009611184,3649.8323291015627,0.00013373545359303857,,0.6066666666666666,,,,,,,,,,0.3504751156270504,0.3125222346186638,0.0,1.0,0.47407387584447863,0.3550353267788887,0.0,1.0,0.2188510562479496,0.255006408020854,0.0,1.0
84,16800,16800,-14.391872520707548,3664.5110473632812,1474.895569458008,8.7584619140625,0.23015500724315643,290.7140478515625,0.03802486332181244,3649.8323291015627,0.00013079816267161533,,0.6183333333333334,,,,,,,,,,0.35080646485090256,0.3130374103784561,0.0,1.0,0.4740738743543625,0.3550354380905628,0.0,1.0,0.21894450955092906,0.25541379921138285,0.0,1.0
85,17000,17000,-13.486629475951196,3660.56849609375,1480.3328985595704,8.7209423828125,0.22929977484047412,284.2458007049561,0.03634724504393383,3649.8323291015627,0.00012787258405854817,,0.63,,,,,,,,,,0.3503539662063122,0.3129128013551235,0.0,1.0,0.47407387644052507,0.35503550931811334,0.0,1.0,0.2189593768119812,0.25530210323631763,0.0,1.0
86,17200,17200,-15.231698592491448,3642.278729248047,1469.145177001953,8.6925341796875,0.22805006682872772,293.0146082305908,0.03661510574023673,3642.278729248047,0.00012496000100930838,,0.6416666666666666,,,,,,,,,,0.35064400240778926,0.3128572601079941,0.0,1.0,0.47407387509942056,0.35503549486398694,0.0,1.0,0.21885384857654572,0.25512250304222106,0.0,1.0
87,17400,17400,-13.62539256080985,3643.2339978027344,1469.3021185302734,8.6957275390625,0.22212680652737618,292.961498336792,0.03575937590805084,3642.278729248047,0.00012206169107908316,,0.6533333333333334,,,,,,,,,,0.35055708393454554,0.3124489699304104,0.0,1.0,0.4740738736093044,0.3550353437662125,0.0,1.0,0.2188898003846407,0.25486691273748874,0.0,1.0
88,17600,17600,-5.164747697263956,3650.7480236816405,1469.852025756836,8.723583984375,0.2244083672761917,293.5922930908203,0.03499001404396447,3642.278729248047,0.00011917892556239752,,0.6649999999999999,,,,,,,,,,0.3507323956489563,0.3125783994793892,0.0,1.0,0.47407387375831606,0.35503550425171854,0.0,1.0,0.21890545405447484,0.2549555169045925,0.0,1.0
89,17800,17800,-6.720301179587841,3638.2272619628907,1468.1125170898438,8.680458984375,0.22546859346330167,285.50224250793457,0.03320761346383632,3638.2272619628907,0.00011631296893548368,,0.6766666666666666,,,,,,,,,,0.3503589975833893,0.31195600584149363,0.0,1.0,0.47407387271523477,0.3550353954732418,0.0,1.0,0.2187217316031456,0.2544370360672474,0.0,1.0
90,18000,18000,-8.51067131474614,3643.149052734375,1464.9935375976563,8.7126220703125,0.22427309162914752,296.6064624786377,0.03365447548991077,3638.2272619628907,0.00011346507830163898,,0.6883333333333335,,,,,,,,,,0.3510454279184341,0.31314870089292524,0.0,1.0,0.4740738746523857,0.35503546103835104,0.0,1.0,0.2188262963294983,0.255259310901165,0.0,1.0
91,18200,18200,-11.372895307987928,3635.7405407714846,1467.4300109863282,8.6732421875,0.22869877316057682,295.502876663208,0.032693404853123685,3635.7405407714846,0.00011063650283981897,,0.7,,,,,,,,,,0.3518537573516369,0.3146520817279816,0.0,1.0,0.4740738759934902,0.3550353072583675,0.0,1.0,0.2191028453409672,0.2563117834180593,0.0,1.0
92,18400,18400,-12.853227837756275,3647.625068359375,1467.7202868652344,8.719619140625,0.2254037119448185,302.9939211273193,0.03267137495116096,3635.7405407714846,0.00010782848325670636,,0.705,,,,,,,,,,0.3506983116269112,0.3122014917433262,0.0,1.0,0.47407387375831606,0.3550355030596256,0.0,1.0,0.218869646191597,0.25463627472519873,0.0,1.0
93,18600,18600,-10.160076076462865,3635.503078613281,1461.7115563964844,8.695166015625,0.22328202433884145,291.41592514038086,0.030610984824660438,3635.503078613281,0.0001050422512424965,,0.71,,,,,,,,,,0.3514882646501064,0.3136060130596161,0.0,1.0,0.47407387420535085,0.3550353924930096,0.0,1.0,0.2189932022988796,0.2556160328537226,0.0,1.0
94,18800,18800,-16.577717484384774,3636.054581298828,1465.5821606445313,8.6818896484375,0.22039206624031066,302.1185553741455,0.03090039246559432,3635.503078613281,0.00010227902893063645,,0.715,,,,,,,,,,0.3504547120630741,0.31189184576272966,0.0,1.0,0.4740738749504089,0.3550353600084782,0.0,1.0,0.21889918208122253,0.2545712669193745,0.0,1.0
95,19000,19000,-10.998011592030526,3646.5603125,1464.6255102539062,8.7277392578125,0.22464643865823747,299.3179671478272,0.029794118939078365,3635.503078613281,9.954002836175766e-05,,0.72,,,,,,,,,,0.350810716599226,0.31258863136172294,0.0,1.0,0.4740738759934902,0.3550354391336441,0.0,1.0,0.21891917303204536,0.2550143664330244,0.0,1.0
96,19200,19200,-10.358539716619998,3646.975529785156,1465.480167236328,8.7259814453125,0.2257625538110733,301.08417274475096,0.029152911884703463,3635.503078613281,9.682645095203434e-05,,0.725,,,,,,,,,,0.3505977085232735,0.31268027663230896,0.0,1.0,0.4740738746523857,0.35503545150160787,0.0,1.0,0.21886457733809947,0.25509303487837315,0.0,1.0
97,19400,19400,-13.499798778891563,3640.4321911621096,1465.9290283203125,8.6980126953125,0.2238169026374817,299.97222076416017,0.028239230966850645,3635.503078613281,9.413948696620307e-05,,0.73,,,,,,,,,,0.35059386521577834,0.31256275907158854,0.0,1.0,0.474073875695467,0.3550353211164474,0.0,1.0,0.21888358078897,0.2550155181437731,0.0,1.0
98,19600,19600,-8.42127111017704,3631.7525744628906,1464.9483929443359,8.667216796875,0.2275034124404192,299.3068469238281,0.027380684636893658,3631.7525744628906,9.148031499547314e-05,,0.735,,,,,,,,,,0.35077043786644935,0.3130012579262257,0.0,1.0,0.47407387420535085,0.35503546267747876,0.0,1.0,0.21884067758917808,0.255172116458416,0.0,1.0
99,19800,19800,-15.664255518168211,3638.386710205078,1460.590073852539,8.7111865234375,0.22126064732670783,307.3445263671875,0.027307592344924598,3631.7525744628906,8.885010144055714e-05,,0.74,,,,,,,,,,0.3507962770760059,0.3130375941097736,0.0,1.0,0.4740738746523857,0.35503548562526704,0.0,1.0,0.218844413459301,0.2552435559034347,0.0,1.0
100,20000,20000,-7.374309137612581,3626.2574963378906,1460.703314819336,8.662216796875,0.22659981735050677,304.49835815429685,0.02626298339082326,3626.2574963378906,8.625000000004977e-05,,0.745,,,,,,,,,,0.35124698773026464,0.3130355530977249,0.0,1.0,0.474073875695467,0.3550354523956776,0.0,1.0,0.21897693276405333,0.2551898694038391,0.0,1.0
101,20200,20200,-16.02872914016247,3637.687137451172,1466.2638104248047,8.685693359375,0.22697604589164258,302.63879234313964,0.025325162530270756,3626.2574963378906,8.368115116437696e-05,,0.75,,,,,,,,,,0.35090079411864283,0.3133380001783371,0.0,1.0,0.47407387346029284,0.3550354316830635,0.0,1.0,0.21880631029605865,0.2554202533513308,0.0,1.0
102,20400,20400,-13.83362236097455,3654.4864135742187,1474.164130859375,8.7212890625,0.22234193593263626,299.57404220581054,0.024308840305028,3626.2574963378906,8.11446817155392e-05,,0.755,,,,,,,,,,0.3503072287142277,0.3126007507741451,0.0,1.0,0.47407387420535085,0.35503547221422194,0.0,1.0,0.21881284557282923,0.2552338632941246,0.0,1.0
103,20600,20600,-9.508371430560947,3637.018854980469,1463.3286712646484,8.6947607421875,0.2203921777755022,304.72353691101074,0.02396397826254912,3626.2574963378906,7.864170423286794e-05,,0.76,,,,,,,,,,0.3507490766048431,0.312900809943676,0.0,1.0,0.4740738749504089,0.3550353644788265,0.0,1.0,0.21895237699151038,0.2552589682489634,0.0,1.0
104,20800,20800,-12.534682218059897,3632.5878393554685,1462.4266943359376,8.68064453125,0.22158337093889713,310.6515937805176,0.02366336220689468,3626.2574963378906,7.617331660501115e-05,,0.765,,,,,,,,,,0.35109623342752455,0.3134347088634968,0.0,1.0,0.47407387524843214,0.35503546729683877,0.0,1.0,0.21884720042347908,0.25550494879484176,0.0,1.0
105,21000,21000,-10.225558550525456,3647.352957763672,1467.708203125,8.7185791015625,0.2180267344415188,312.8541934204102,0.023070056419749137,3626.2574963378906,7.374060154836358e-05,,0.77,,,,,,,,,,0.35041978657245637,0.3127780045568943,0.0,1.0,0.47407387346029284,0.35503542959690093,0.0,1.0,0.21887556493282317,0.2552384041249752,0.0,1.0
106,21200,21200,-11.082665462717413,3646.523358154297,1466.9652404785156,8.718232421875,0.22133946724236012,326.45367866516114,0.02329071565383126,3626.2574963378906,7.134462613215094e-05,,0.7749999999999999,,,,,,,,,,0.35062864929437637,0.312911572009325,0.0,1.0,0.47407387554645536,0.35503538727760314,0.0,1.0,0.2187855427712202,0.2553535980731249,0.0,1.0
107,21400,21400,-11.12397870797664,3633.1642810058593,1465.617901611328,8.670185546875,0.2196764924377203,321.07786277771,0.02215001913657621,3626.2574963378906,6.898644131037837e-05,,0.78,,,,,,,,,,0.3499242226779461,0.31159773737192153,0.0,1.0,0.4740738745033741,0.35503545209765436,0.0,1.0,0.21882594481110573,0.25436770752072335,0.0,1.0
108,21600,21600,-12.38547416396439,3627.0092700195314,1462.614737548828,8.657578125,0.22259342670440674,320.70830421447755,0.021380686642236895,3626.2574963378906,6.666708146084769e-05,,0.785,,,,,,,,,,0.35090230107307435,0.31304840072989465,0.0,1.0,0.47407387375831606,0.3550354516506195,0.0,1.0,0.2188675956428051,0.2552159970253706,0.0,1.0
109,21800,21800,-13.260155066847801,3650.4408666992185,1463.268014526367,8.74869140625,0.21679021902382373,323.90932762145997,0.0208557325402179,3626.2574963378906,6.438756393144433e-05,,0.7899999999999999,,,,,,,,,,0.35036035895347595,0.3124584205448627,0.0,1.0,0.47407387584447863,0.3550355517864227,0.0,1.0,0.2188716419786215,0.25499797135591507,0.0,1.0
110,22000,22000,-12.79859711471945,3638.445217285156,1465.0907312011718,8.69341796875,0.21718138732016087,325.8455467224121,0.020250938582068136,3626.2574963378906,6.214888859389542e-05,,0.795,,,,,,,,,,0.3501551879942417,0.31209439143538475,0.0,1.0,0.47407387316226957,0.35503541320562365,0.0,1.0,0.21868040785193443,0.25463311150670054,0.0,1.0
111,22200,22200,-12.691917017176747,3634.5074829101563,1461.18595703125,8.6932861328125,0.22178359396755695,323.0539757537842,0.019367744038287192,3626.2574963378906,5.9952037405193036e-05,,0.7999999999999999,,,,,,,,,,0.3505213831365108,0.31264087319374084,0.0,1.0,0.4740738740563393,0.355035433024168,0.0,1.0,0.21872337996959687,0.2550522952526808,0.0,1.0
112,22400,22400,-13.183012747243048,3621.6857678222655,1458.4789642333985,8.6528271484375,0.22073001325130462,326.5405374145508,0.018873381483881024,3621.6857678222655,5.7797973976875127e-05,,0.8049999999999999,,,,,,,,,,0.351103920340538,0.3131066134572029,0.0,1.0,0.47407387554645536,0.3550352980196476,0.0,1.0,0.21892073534429074,0.25528920620679857,0.0,1.0
113,22600,22600,-12.1195995291695,3625.284108886719,1459.2977923583985,8.6639453125,0.2196184042841196,325.7817255401611,0.01814201647743855,3621.6857678222655,5.568764315235378e-05,,0.81,,,,,,,,,,0.35030210360884667,0.31182738572359087,0.0,1.0,0.47407387316226957,0.3550354868173599,0.0,1.0,0.21882699489593505,0.25439207680523396,0.0,1.0
114,22800,22800,-19.02871906578541,3630.7971655273436,1458.920965576172,8.6875048828125,0.21747311413288117,333.2982570648193,0.017872109338853172,3621.6857678222655,5.3621970592475776e-05,,0.815,,,,,,,,,,0.35072540789842604,0.3127610217034817,0.0,1.0,0.47407387554645536,0.35503540948033335,0.0,1.0,0.2189610553532839,0.2550892210751772,0.0,1.0
115,23000,23000,-11.62791694752872,3627.295500488281,1462.2417852783203,8.66021484375,0.2168676545470953,330.2213101196289,0.017040034596268024,3621.6857678222655,5.160186236949683e-05,,0.82,,,,,,,,,,0.35037432923913003,0.31218510746955874,0.0,1.0,0.4740738736093044,0.35503548845648764,0.0,1.0,0.2188327109068632,0.2547828768193722,0.0,1.0
116,23200,23200,-9.407797480374574,3610.0603576660155,1456.1296801757812,8.61572265625,0.21950568944215776,318.73213478088377,0.015818103587826583,3610.0603576660155,4.9628204569648825e-05,,0.8250000000000001,,,,,,,,,,0.35053370863199235,0.31213139832019804,0.0,1.0,0.4740738746523857,0.3550353907048702,0.0,1.0,0.2187517137825489,0.2544617654383183,0.0,1.0
117,23400,23400,-12.440696892514826,3630.711304931641,1461.5084033203125,8.6768115234375,0.21908010251820087,330.8058654785156,0.015780056043051615,3610.0603576660155,4.770186290447277e-05,,0.83,,,,,,,,,,0.3511028231680393,0.3133133229613304,0.0,1.0,0.47407387524843214,0.3550352744758129,0.0,1.0,0.21897812969982625,0.2553837836533785,0.0,1.0
118,23600,23600,-15.5535863821581,3639.428416748047,1464.5980944824219,8.6993212890625,0.21580897681415082,329.8410041046143,0.01511452939185735,3610.0603576660155,4.582368233108925e-05,,0.835,,,,,,,,,,0.34999310210347173,0.3117753112316132,0.0,1.0,0.47407387524843214,0.3550354412198067,0.0,1.0,0.21881544820964335,0.254604502543807,0.0,1.0
119,23800,23800,-10.746794809680432,3628.904504394531,1461.7292016601561,8.668701171875,0.21674564838409424,330.8841692352295,0.014557079176562371,3610.0603576660155,4.399448668157216e-05,,0.84,,,,,,,,,,0.35057260751724245,0.3126943628489971,0.0,1.0,0.4740738736093044,0.3550354865193367,0.0,1.0,0.21898138366639613,0.2550512990355492,0.0,1.0
120,24000,24000,-10.83135065510869,3635.2068310546874,1464.241255493164,8.6838623046875,0.21979741051793097,336.167163772583,0.014191323141082643,3610.0603576660155,4.2215078301588874e-05,,0.845,,,,,,,,,,0.3509078915417194,0.31310686975717544,0.0,1.0,0.47407387420535085,0.35503545284271243,0.0,1.0,0.21897695474326612,0.25542478665709495,0.0,1.0
121,24200,24200,-10.134570476040244,3633.225095214844,1462.858890991211,8.68146484375,0.21592097222805023,330.0869729614258,0.013363979648483014,3610.0603576660155,4.048623769846482e-05,,0.85,,,,,,,,,,0.3495575626194477,0.3112503901124001,0.0,1.0,0.47407387420535085,0.3550353665649891,0.0,1.0,0.2186798705905676,0.2541256032139063,0.0,1.0
122,24400,24400,-12.894501361027359,3621.8794555664062,1457.8767907714844,8.6560107421875,0.21725169211626053,330.0940258789062,0.012810527679921,3610.0603576660155,3.880872319882728e-05,,0.855,,,,,,,,,,0.351206559240818,0.3134682972729206,0.0,1.0,0.47407387375831606,0.355035487562418,0.0,1.0,0.21894159190356732,0.2555321431159973,0.0,1.0
123,24600,24600,-12.498901401534676,3628.5362963867187,1461.4940625,8.6681689453125,0.21607617735862733,340.98663078308107,0.012678998168837958,3610.0603576660155,3.7183270615978234e-05,,0.86,,,,,,,,,,0.3504251345992088,0.3125987660884857,0.0,1.0,0.47407387420535085,0.35503548324108125,0.0,1.0,0.21881622023880481,0.25503561027348043,0.0,1.0
124,24800,24800,-11.433656065016985,3631.7612145996095,1460.0375708007812,8.68689453125,0.21538534380495547,336.64831199645994,0.011988245998115472,3610.0603576660155,3.5610592927142124e-05,,0.865,,,,,,,,,,0.35076761022210123,0.31313382416963575,0.0,1.0,0.47407387271523477,0.3550354142487049,0.0,1.0,0.21891157560050487,0.2553297044336796,0.0,1.0
125,25000,25000,-11.192802306059749,3627.698876953125,1459.1197790527344,8.67431640625,0.21527406498789786,336.80322776794435,0.011482086809837545,3610.0603576660155,3.409137996073079e-05,,0.87,,,,,,,,,,0.3508705984055996,0.3128375217318535,0.0,1.0,0.47407387554645536,0.3550354714691639,0.0,1.0,0.21892395824193955,0.2551392129063606,0.0,1.0
126,25200,25200,-11.975505010932684,3630.9511669921876,1458.8295971679688,8.688486328125,0.21475777260959147,346.16864097595214,0.011294201271193802,3610.0603576660155,3.262629809376175e-05,,0.875,,,,,,,,,,0.3510030443966389,0.31343930497765543,0.0,1.0,0.47407387480139734,0.3550354216992855,0.0,1.0,0.21895578652620315,0.2557157772034407,0.0,1.0
127,25400,25400,-9.437083388715983,3624.8612341308594,1458.9835534667968,8.6635107421875,0.2147668293863535,337.2323351287842,0.010527041187420191,3610.0603576660155,3.1215989959563237e-05,,0.88,,,,,,,,,,0.35059024319052695,0.312465918213129,0.0,1.0,0.47407387509942056,0.35503538861870765,0.0,1.0,0.21883388116955757,0.2548406432569027,0.0,1.0
128,25600,25600,-11.724694083333015,3624.421857910156,1456.724093017578,8.670791015625,0.21420621193945408,336.19264694213865,0.010039073564367423,3610.0603576660155,2.986107416589401e-05,,0.885,,,,,,,,,,0.35104504123330116,0.31310447603464125,0.0,1.0,0.47407387256622313,0.35503535881638526,0.0,1.0,0.21893033012747765,0.25539413049817083,0.0,1.0
129,25800,25800,-7.446347422990948,3621.603723144531,1455.83833984375,8.6630615234375,0.21516736209392548,338.9091474914551,0.009679972220476151,3610.0603576660155,2.856214502360168e-05,,0.89,,,,,,,,,,0.3512213297188282,0.313607039898634,0.0,1.0,0.47407387420535085,0.3550353944301605,0.0,1.0,0.21892397321760654,0.25559544257819655,0.0,1.0
130,26000,26000,-13.64720127031207,3633.1220263671876,1461.4643231201171,8.686630859375,0.2167490603029728,343.42238189697264,0.009382221271319708,3610.0603576660155,2.731977228593794e-05,,0.895,,,,,,,,,,0.35063182041049,0.31269619897007944,0.0,1.0,0.4740738745033741,0.35503539636731146,0.0,1.0,0.21887413077056408,0.2550803215801716,0.0,1.0
131,26200,26200,-10.204263956695796,3619.984779052734,1457.6300512695314,8.6494189453125,0.21529810830950738,332.1483235168457,0.00868053065943491,3610.0603576660155,2.613450089864643e-05,,0.9,,,,,,,,,,0.35065956860780717,0.31232695892453194,0.0,1.0,0.47407387420535085,0.3550354628264904,0.0,1.0,0.21882658824324608,0.2548626719415188,0.0,1.0
132,26400,26400,-12.805308096781372,3620.3166540527345,1456.9523876953126,8.65345703125,0.2159172410517931,340.0439294433594,0.008503427795750676,3610.0603576660155,2.500685076093111e-05,,0.9049999999999999,,,,,,,,,,0.35109673693776133,0.31348146468400956,0.0,1.0,0.4740738745033741,0.35503544345498084,0.0,1.0,0.21889342218637467,0.2555594448745251,0.0,1.0
133,26600,26600,-13.059541547894478,3620.224034423828,1457.5861029052735,8.6505517578125,0.21775936253368855,348.1441827392578,0.008333637488962339,3610.0603576660155,2.393731649741167e-05,,0.91,,,,,,,,,,0.35096785143017767,0.31309130549430847,0.0,1.0,0.4740738753974438,0.35503544166684153,0.0,1.0,0.21883144922554493,0.25539841592311857,0.0,1.0
134,26800,26800,-12.021771547645331,3633.2818310546877,1463.8531359863282,8.67771484375,0.21719156667590142,339.9089840698242,0.0077928781973559055,3610.0603576660155,2.2926367241164447e-05,,0.915,,,,,,,,,,0.3502991779148579,0.3124975551664829,0.0,1.0,0.4740738746523857,0.3550354367494583,0.0,1.0,0.21882336542010308,0.2550238840281963,0.0,1.0
135,27000,27000,-8.955463463030755,3615.6302294921875,1455.2628057861327,8.6414697265625,0.21785168014466763,336.51187545776367,0.0073946621796140855,3610.0603576660155,2.197444642794547e-05,,0.9199999999999999,,,,,,,,,,0.3506696039438248,0.3120743535459042,0.0,1.0,0.47407387420535085,0.3550353594124317,0.0,1.0,0.21886457614600657,0.2545552641153336,0.0,1.0
136,27200,27200,-16.660997635126115,3635.088094482422,1461.0585479736328,8.6961181640625,0.21646827407181263,349.0198767089844,0.0073580271292022865,3610.0603576660155,2.108197160168465e-05,,0.925,,,,,,,,,,0.3506841692328453,0.31279851123690605,0.0,1.0,0.4740738745033741,0.3550355276465416,0.0,1.0,0.21895459733903408,0.2552040921151638,0.0,1.0
137,27400,27400,-9.884326416030525,3619.829229736328,1455.3016363525392,8.6581103515625,0.2173706918954849,343.21555702209474,0.006949886527535026,3610.0603576660155,2.024933423133737e-05,,0.9299999999999999,,,,,,,,,,0.35092728346586227,0.3130242112278938,0.0,1.0,0.47407387390732764,0.35503542065620425,0.0,1.0,0.21893540404736997,0.2552704186737537,0.0,1.0
138,27600,27600,-9.422042216509581,3625.0382299804687,1454.7599151611328,8.68111328125,0.2155385186523199,345.5982305145264,0.0067311820166474565,3610.0603576660155,1.9476899539173212e-05,,0.935,,,,,,,,,,0.35081677585840226,0.31296630010008814,0.0,1.0,0.47407387584447863,0.35503550216555596,0.0,1.0,0.21888010554015636,0.2552731870859861,0.0,1.0
139,27800,27800,-12.194547607451677,3630.343151855469,1459.6327209472656,8.682841796875,0.21514673568308354,343.61321052551267,0.006447904074217365,3610.0603576660155,1.876500634057729e-05,,0.9400000000000001,,,,,,,,,,0.35077457919716837,0.31296479552984235,0.0,1.0,0.4740738743543625,0.35503545477986337,0.0,1.0,0.21895516335964202,0.2552776298671961,0.0,1.0
140,28000,28000,-11.417694028057157,3610.9760791015624,1454.060795288086,8.6276611328125,0.21684618383646012,352.4630322265625,0.006384503697616558,3610.0603576660155,1.81139668954349e-05,,0.945,,,,,,,,,,0.35109119713306425,0.31316073089838026,0.0,1.0,0.4740738749504089,0.3550355252623558,0.0,1.0,0.2189254265278578,0.2552862526476383,0.0,1.0
141,28200,28200,-12.316243587136269,3618.5653723144533,1454.368594970703,8.656787109375,0.21584721006453036,346.67537651062014,0.006075162445890404,3610.0603576660155,1.7524066771163645e-05,,0.95,,,,,,,,,,0.35088873326778414,0.3130646839737892,0.0,1.0,0.47407387375831606,0.35503552421927453,0.0,1.0,0.21890928335487841,0.2553724732995033,0.0,1.0
142,28400,28400,-12.443241797024385,3614.463640136719,1454.733402709961,8.6389208984375,0.21524327740073204,348.3612912750244,0.005920596870920689,3610.0603576660155,1.6995564717454482e-05,,0.955,,,,,,,,,,0.35059552505612374,0.31208656951785085,0.0,1.0,0.47407387480139734,0.3550354689359665,0.0,1.0,0.2188847006857395,0.25462166890501975,0.0,1.0
143,28600,28600,-14.296668554330244,3623.5508544921877,1460.4405029296875,8.65244140625,0.21374642312526704,350.68057479858396,0.005796291405076296,3610.0603576660155,1.652869255277524e-05,,0.96,,,,,,,,,,0.3501054914295673,0.312087736427784,0.0,1.0,0.4740738746523857,0.35503551304340364,0.0,1.0,0.21875663720071314,0.25477242179214954,0.0,1.0
144,28800,28800,-11.505007099490612,3630.5262194824218,1457.9371124267577,8.6903564453125,0.2155809758603573,347.57227554321287,0.005604135480212205,3610.0603576660155,1.612365506268769e-05,,0.9650000000000001,,,,,,,,,,0.3505998718738556,0.31267266392707826,0.0,1.0,0.47407387316226957,0.35503539398312567,0.0,1.0,0.2187983873486519,0.25506977379322054,0.0,1.0
145,29000,29000,-12.267715786099433,3617.228956298828,1456.8371112060547,8.6415673828125,0.21550907403230668,357.2336875152588,0.005637372614070589,3610.0603576660155,1.578062991002156e-05,,0.97,,,,,,,,,,0.3507310624420643,0.3126129335165024,0.0,1.0,0.4740738743543625,0.35503540709614756,0.0,1.0,0.21893369629979134,0.2550517129898071,0.0,1.0
146,29200,29200,-12.330344632714986,3622.774130859375,1456.2043017578126,8.666279296875,0.21614508494734763,351.50778884887694,0.005448289021613629,3610.0603576660155,1.5499767556945945e-05,,0.9750000000000001,,,,,,,,,,0.35123920291662214,0.31354926064610483,0.0,1.0,0.47407387390732764,0.35503543928265574,0.0,1.0,0.21900156661868095,0.2556939420849085,0.0,1.0
147,29400,29400,-11.893308327775449,3615.0896435546874,1454.2913012695312,8.643193359375,0.21701493717730044,348.2236852264404,0.005321272713955693,3610.0603576660155,1.5281191198971472e-05,,0.98,,,,,,,,,,0.35107821628451347,0.3132481141388416,0.0,1.0,0.47407387658953665,0.35503541529178617,0.0,1.0,0.21892893634736538,0.25543211050331593,0.0,1.0
148,29600,29600,-10.157169941738248,3635.128659667969,1458.708988647461,8.7056787109375,0.2155406952649355,349.27922836303713,0.005282847180181081,3610.0603576660155,1.5124996710912754e-05,,0.985,,,,,,,,,,0.35043652638792994,0.3125517079234123,0.0,1.0,0.474073875695467,0.3550353880226612,0.0,1.0,0.21892834022641183,0.255094393864274,0.0,1.0
149,29800,29800,-13.833060028217734,3631.8596545410155,1457.7763903808593,8.6963330078125,0.2153629644960165,365.043112487793,0.005487055235459045,3610.0603576660155,1.5031252604834537e-05,,0.99,,,,,,,,,,0.3506158585846424,0.3128792369365692,0.0,1.0,0.4740738745033741,0.35503537237644195,0.0,1.0,0.21885926075279713,0.2552626036852598,0.0,1.0
150,30000,30000,-9.2743132686615,3626.5600622558595,1457.0495532226562,8.6780419921875,0.214786913767457,354.2096943664551,0.005313145415496826,3610.0603576660155,1.4999999999999999e-05,,0.995,,,,,,,,,,0.3506846337020397,0.3129888279736042,0.0,1.0,0.4740738749504089,0.35503543496131895,0.0,1.0,0.21885244496166706,0.25530534975230695,0.0,1.0
